id	canonical_name	monoisotopic_mass	modification_rate	is_modification	encoding
A	A	267.09675	1.0	false	A
C	C	243.08552	1.0	false	C
G	G	283.09167	1.0	false	G
U	U	244.06954	1.0	false	U
0A	Am	281.1124	1.0	true	ʍ
00A	Ar(p)	479.1053	1.0	true	ʩ
01A	m1Am	295.1281	1.0	true	œ
019A	m1Im	296.1121	1.0	true	ξ
06A	m6Am	295.1281	1.0	true	χ
066A	m6,6Am	309.1437	1.0	true	η
09A	Im	282.0964	1.0	true	Ш
1A	m1A	281.1124	1.0	true	Ѣ
19A	m1I	282.0964	1.0	true	O
2A	m2A	281.1124	1.0	true	ɿ
21161A	msms2i6A	427.1347	1.0	true	£
2160A	ms2io6A	397.142	1.0	true	≠
2161A	ms2i6A	381.1471	1.0	true	*
2162A	ms2t6A	458.122	1.0	true	[
2163A	ms2hn6A	472.1376	1.0	true	≈
2164A	ms2ct6A	440.1114	1.0	true	ÿ
2165A	ht6A	428.1292	1.0	true	«
28A	m2,8A	295.1281	1.0	true	±
6A	m6A	281.1124	1.0	true	Ж
60A	io6A	351.1543	1.0	true	Ỽ
61A	i6A	335.1594	1.0	true	Ч
62A	t6A	412.1343	1.0	true	6
621A	ms2m6A	327.1001	1.0	true	∞
63A	hn6A	426.1499	1.0	true	√
64A	ac6A	309.1073	1.0	true	⇓
65A	g6A	368.108	1.0	true	≡
66A	m6,6A	295.1281	1.0	true	ζ
662A	m6t6A	426.1499	1.0	true	E
67A	f6A	295.0917	1.0	true	Ϩ
68A	hm6A	297.1073	1.0	true	Ϫ
69A	ct6A	394.1237	1.0	true	e
8A	m8A	281.1124	1.0	true	â
9A	I	268.0808	1.0	true	I
0C	Cm	257.10117055	1.0	true	B
04C	m4Cm	271.11682061	1.0	true	λ
042C	ac4Cm	299.11173523	1.0	true	ℵ
044C	m4,4Cm	285.13247067	1.0	true	β
05C	m5Cm	271.11682061	1.0	true	τ
051C	hm5Cm	287.1117	1.0	true	¡
071C	f5Cm	285.09608517	1.0	true	°
2C	s2C	259.06267687	1.0	true	ʤ
20C	C+	355.1965	1.0	true	¿
21C	k2C	371.18048347	1.0	true	}
3C	m3C	257.10117055	1.0	true	Щ
4C	m4C	257.10117055	1.0	true	ν
42C	ac4C	285.09608517	1.0	true	M
44C	m4,4C	271.11682061	1.0	true	μ
5C	m5C	257.10117055	1.0	true	?
50C	ho5C	259.08043511	1.0	true	Ç
51C	hm5C	273.09608517	1.0	true	Ƣ
71C	f5C	271.08043511	1.0	true	>
0G	Gm	297.1073	1.0	true	＃
00G	Gr(p)	495.1003	1.0	true	ℑ
01G	m1Gm	311.123	1.0	true	ε
02G	m2Gm	311.123	1.0	true	γ
022G	m2,2Gm	325.1386	1.0	true	|
027G	m2,7Gm	327.1543	1.0	true	æ
1G	m1G	297.1073	1.0	true	K
10G	Q	409.1597	1.0	true	Q
100G	preQ0	307.0917	1.0	true	φ
101G	preQ1	311.123	1.0	true	∉
102G	oQ	425.1547	1.0	true	ς
103G	G+	324.1182	1.0	true	(
104G	galQ	571.2126	1.0	true	9
105G	gluQ	538.2023	1.0	true	⊄
106G	manQ	571.2126	1.0	true	8
2G	m2G	297.1073	1.0	true	L
22G	m2,2G	311.123	1.0	true	R
227G	m2,2,7G	327.1543	1.0	true	∠
27G	m2,7G	313.1386	1.0	true	∨
34G	imG	335.123	1.0	true	€
342G	mimG	349.1386	1.0	true	∑
347G	yW-72	436.1706	1.0	true	Ω
3470G	OHyWx	452.1655	1.0	true	š
348G	yW-58	450.1863	1.0	true	⇑
3480G	OHyWy	466.1812	1.0	true	y
3483G	yW	508.1918	1.0	true	Y
34830G	OHyW	524.1867	1.0	true	⊆
34832G	o2yW	540.1816	1.0	true	W
4G	imG-14	321.1073	1.0	true	†
42G	imG2	335.123	1.0	true	⊇
47G	yW-86	422.155	1.0	true	¥
7G	m7G	299.123	1.0	true	7
0U	Um	258.08518614	1.0	true	J
02U	s2Um	274.06234252	1.0	true	∏
03U	m3Um	272.1008362	1.0	true	σ
05U	m5Um	272.1008362	1.0	true	Ħ
0503U	mcmo5Um	346.10123012	1.0	true	Ͽ
051U	cmnm5Um	345.11721453	1.0	true	)
0521U	mcm5Um	330.1063155	1.0	true	∩
0522U	mchm5Um	346.10123012	1.0	true	b
053U	ncm5Um	315.10664985	1.0	true	~
0583U	inm5Um	355.17433547	1.0	true	Ю
09U	Ym	258.08518614	1.0	true	Z
1309U	m1acp3Y	359.13286459	1.0	true	α
19U	m1Y	258.08518614	1.0	true	]
2U	s2U	260.04669246	1.0	true	2
20U	se2U	307.9911	1.0	true	ω
2051U	cmnm5se2U	395.0232	1.0	true	⊥
20510U	nm5se2U	337.0177	1.0	true	π
20511U	mnm5se2U	365.049	1.0	true	≅
21U	ges2U	396.17189294	1.0	true	Γ
2151U	cmnm5ges2U	483.20392133	1.0	true	f
21510U	nm5ges2U	425.19844	1.0	true	Δ
21511U	mnm5ges2U	439.21409209	1.0	true	h
25U	m5s2U	274.0623	1.0	true	F
251U	cmnm5s2U	347.07872085	1.0	true	$
2510U	nm5s2U	289.07324155	1.0	true	∫
2511U	mnm5s2U	303.08889161	1.0	true	S
2521U	mcm5s2U	332.06782182	1.0	true	3
253U	ncm5s2U	317.06815617	1.0	true	l
254U	tm5s2U	397.06135653	1.0	true	ƕ
2540U	cm5s2U	318.05217176	1.0	true	℘
2583U	inm5s2U	357.13584179	1.0	true	Ɲ
3U	m3U	258.08518614	1.0	true	δ
30U	acp3U	345.11721453	1.0	true	X
308U	acp3D	347.13286459	1.0	true	Ð
309U	acp3Y	345.11721453	1.0	true	Þ
39U	m3Y	258.08518614	1.0	true	Ƒ
5U	m5U	258.08518614	1.0	true	T
50U	ho5U	260.0644507	1.0	true	∝
501U	mo5U	274.08010076	1.0	true	5
502U	cmo5U	318.06993	1.0	true	V
503U	mcmo5U	332.08558006	1.0	true	υ
51U	cmnm5U	331.10156447	1.0	true	!
510U	nm5U	273.09608517	1.0	true	∪
511U	mnm5U	287.11173523	1.0	true	{
52U	cm5U	302.07501538	1.0	true	◊
520U	chm5U	318.06993	1.0	true	≥
521U	mcm5U	316.09066544	1.0	true	1
522U	mchm5U	332.08558006	1.0	true	ɮ
53U	ncm5U	301.09099979	1.0	true	&
531U	nchm5U	317.08591441	1.0	true	r
54U	tm5U	381.08420015	1.0	true	ʭ
55U	cnm5U	283.08043511	1.0	true	Ѷ
58U	m5D	260.1008362	1.0	true	ρ
583U	inm5U	341.15868541	1.0	true	¾
74U	s4U	260.04669246	1.0	true	4
8U	D	246.08518614	1.0	true	D
9U	Y	244.06953608	1.0	true	P
