ppm_group	neutral_mass	intensity	is_precursor_deisotoped
0	212.0089906366209	209839.5390625	false
1	228.49991126149615	1073123.48046875	false
2	273.9648689065163	458930.0908203125	false
3	288.0151284331134	70061.4482421875	false
4	305.0417955460358	78252.47583007812	false
5	306.0258350679837	735450.8791503906	false
6	311.0424310184133	149828.8699951172	false
7	324.03637362886866	212651.91528320312	false
8	327.03741133127386	93722.38696289062	false
9	329.05305674833966	815492.1204833984	false
10	345.0474664610024	652991.2172851562	false
11	347.06310128496403	366661.3095703125	false
12	363.0580253925544	253601.97924804688	false
13	385.00750198900374	15569.4404296875	false
14	385.9918193838429	538659.7928466797	false
15	391.007923458479	21261.505859375	false
16	404.0023925020991	81426.79736328125	false
17	407.0029196167123	15350.636962890625	false
18	409.01903714397963	495059.2985839844	false
19	420.0572613847496	82409.009765625	false
20	425.0140606149991	439955.96875	false
21	427.02910433785513	33617.03723144531	false
22	431.17319831020444	27766.01123046875	false
23	437.13896912336315	925093.7258300781	false
24	443.0244617816415	43902.63037109375	false
25	443.0847735639959	185706.15600585938	false
26	454.5211186742567	27541.08203125	false
27	455.149527795589	2022082.4602050781	false
28	457.14504158687004	46136.48486328125	false
29	457.1547871487148	33853.66748046875	false
30	459.0794146869628	137199.783203125	false
31	475.16355455895706	110775.74487304688	false
32	482.013221212214	44807.6748046875	false
33	493.12958252199786	47003.84814453125	false
34	500.023924285026	349721.294921875	false
35	505.0401239846511	39097.30224609375	false
36	511.13975253933165	22325.73876953125	false
37	521.0352718434768	21167.04345703125	false
38	523.0512997916934	314169.9072265625	false
39	525.9726111026777	15935.715576171875	false
40	537.1194827804968	166887.80419921875	false
41	539.0456621451488	214766.31640625	false
42	555.1122004199916	23003.5087890625	false
43	555.1301369603954	499514.14306640625	false
44	561.9793865722971	18237.86669921875	false
45	569.1809802170616	32146.6982421875	false
46	570.1232182293937	51802.09228515625	false
47	571.1068027645617	24532.708984375	false
48	573.1229724846982	100630.43383789062	false
49	579.9906026487663	112767.7060546875	false
50	585.0065355605801	19261.69580078125	false
51	589.1182235235839	44326.74267578125	false
52	594.1346933722666	55344.66552734375	false
53	596.1503056736217	84392.12646484375	false
54	603.0176923845377	51532.315673828125	false
55	609.9375789668201	96536.94921875	false
56	611.0675747114586	101367.45068359375	false
57	612.0519807131591	113598.28979492188	false
58	612.1450902138662	79495.26123046875	false
59	617.0682267961796	141221.73754882812	false
60	619.012669761189	51436.70947265625	false
61	627.0452689826845	23208.009765625	false
62	628.139374280519	19170.16552734375	false
63	632.0788925779487	14807.5234375	false
64	633.0624491090945	42007.052734375	false
65	635.0789225922132	973411.9401855469	false
66	639.8923403826977	173478.083984375	false
67	649.1473648723111	53072.029052734375	false
68	650.581811994733	49306.12158203125	false
69	651.07352566761	386394.2883300781	false
70	651.1516797077735	375375.35498046875	false
71	653.0903505012276	391042.9064941406	false
72	656.0901731678878	81996.10327148438	false
73	658.1062602836074	277519.71435546875	false
74	669.0852199399278	51758.40234375	false
75	674.1011674685767	513540.90380859375	false
76	676.1185852654952	39686.04541015625	false
77	684.114380701838	16383.1572265625	false
78	686.2259562989328	50429.22509765625	false
79	690.0966155487524	151095.4697265625	false
80	691.0341269363195	102374.8828125	false
81	691.1202501917543	69370.115234375	false
82	692.0180047601691	199225.54833984375	false
83	692.1107249940505	16397.9931640625	false
84	694.0214484138937	18703.306640625	false
85	697.0350392529654	118175.68969726562	false
86	704.2364971587153	1652227.7731933594	false
87	708.1063567596434	29074.1640625	false
88	710.0281236943124	15744.81591796875	false
89	713.0287106000109	23605.93017578125	false
90	715.0455049617507	752920.8225097656	false
91	717.0510482453324	15509.70361328125	false
92	726.0824556712638	16010.310302734375	false
93	731.040374525459	149909.76684570312	false
94	731.1000901830829	46402.997802734375	false
95	731.1183557325796	242931.4228515625	false
96	732.119787489907	19490.517333984375	false
97	732.5796289894499	21386.78271484375	false
98	733.0572165967443	189765.05590820312	false
99	736.0571587591772	97409.22338867188	false
100	738.0725771166775	49657.9716796875	false
101	749.1110998398494	318828.2060546875	false
102	754.0678724476558	255427.59765625	false
103	765.1071504286377	45587.943359375	false
104	766.1922566226696	195548.11450195312	false
105	767.6194410010244	54687.22216796875	false
106	770.0613024517579	29102.20068359375	false
107	784.2028883679211	1566217.6984863281	false
108	786.2073952003601	418026.0031738281	false
109	788.1357733218591	145697.54296875	false
110	799.6051653582057	27260.05126953125	false
111	804.1285870096074	39785.974609375	false
112	804.2169899464297	297699.1953125	false
113	806.0486691218289	34201.801025390625	false
114	809.2371547181085	31050.544577403707	false
115	811.0663868819111	109918.64086914062	false
116	811.7943683704859	54487.93017578125	false
117	811.9059948968535	39048.650146484375	false
118	814.7609797301893	19646.90087890625	false
119	824.4866423337479	59668.566879672355	false
120	826.8005554481415	156148.4397235658	false
121	829.0775042466287	701487.6262207031	false
122	830.6237658607807	36311.95581641719	false
123	836.6154603094284	16422.979736328125	false
124	845.0722944320753	87478.94775390625	false
125	850.0900833454034	49845.02978515625	false
126	852.7393074178917	37017.6591796875	false
127	852.9394802906521	43380.243408203125	false
128	866.1734498037418	1904624.3344726562	false
129	867.1367833112869	24757.861560527876	false
130	868.0997766050032	171082.78125	false
131	878.8788121672147	14086.70458984375	false
132	879.2038165464297	20174.20458984375	false
133	884.164116910031	46749.587890625	false
134	884.1885758065687	873045.1071777344	false
135	895.9329336634294	19660.06494140625	false
136	896.3875131256171	50122.0830078125	false
137	898.2340917863578	24124.17919921875	false
138	900.1605216119684	128622.26123046875	false
139	902.1751928236197	15527.85205078125	false
140	909.0437524911545	154297.88989257812	false
141	911.2687282577753	42255.0439453125	false
142	913.2693892144213	237170.6826171875	false
143	913.5198264619814	56984.93798828125	false
144	913.7688705856965	20681.263671875	false
145	915.1714785516662	67502.7333984375	false
146	916.2715334867798	23121.8349609375	false
147	923.1874734313051	18613.17333984375	false
148	925.0386443455951	13013.108154296875	false
149	927.0228861530467	24232.369140625	false
150	927.2729753287621	40982.59049939226	false
151	930.150932137461	719021.3814697266	false
152	930.275928764938	361314.4634330639	false
153	930.4011655907947	114274.435546875	false
154	930.6523508503739	42966.587890625	false
155	934.8008130682292	16738.78853167086	false
156	939.1815932894095	25586.82470703125	false
157	941.1030902665209	109402.27221679688	false
158	946.1216196527253	101832.3427734375	false
159	957.0977301829939	123195.97998046875	false
160	957.190368160202	18145.16162109375	false
161	957.3395575586788	18587.202886040475	false
162	958.7054361913696	17274.774795255464	false
163	962.1163384364728	150442.8994140625	false
164	964.1318254690806	810572.5576171875	false
165	974.1256206724082	20560.21337890625	false
166	978.202481046803	35697.84814453125	false
167	979.7569932008752	29664.3759765625	false
168	979.9559342253656	52466.4716796875	false
169	980.1274785427155	617695.4338378906	false
170	980.2044993894109	1773535.5747070312	false
171	982.1423213696241	82319.576171875	false
172	982.2097388552743	90260.5205078125	false
173	993.235249714163	15225.2900390625	false
174	995.1422153730305	35405.785726538365	false
175	998.1374870705083	51585.005859375	false
176	1000.1464933139636	18325.3115234375	false
177	1001.1396875486679	37383.11968314343	false
178	1003.1532759586161	33833.366523191675	false
179	1015.278833700966	95855.69506835938	false
180	1019.1488508976166	207789.6689453125	false
181	1021.0690639408776	175859.71826171875	false
182	1023.0750220161083	16429.13330078125	false
183	1026.0889152661512	52048.26123046875	false
184	1029.145376345289	19641.2080078125	false
185	1033.289794242795	1694944.3706054688	false
186	1035.2925630172956	110971.24169921875	false
187	1037.0636884541016	39084.477783203125	false
188	1039.079600780809	13687.9873046875	false
189	1042.0687863450678	32031.0673828125	false
190	1044.0988736916283	503813.78857421875	false
191	1055.135311931928	32909.80810546875	false
192	1060.0935314927085	290607.59020996094	false
193	1060.1745874271232	501297.90588378906	false
194	1062.107990526413	85768.58142089844	false
195	1071.1278654889961	25265.90380859375	false
196	1078.1616372196559	140990.40100097656	false
197	1078.182402484309	16184.27685546875	false
198	1087.2628189663928	14026.80029296875	false
199	1094.1593974730795	92748.34301757812	false
200	1095.2448047051182	171705.6533203125	false
201	1099.1165258467388	60435.93103027344	false
202	1105.2741895173406	25505.133178710938	false
203	1113.2562133465665	462493.2961425781	false
204	1131.2546282287879	501515.1018676758	false
205	1133.180261783969	55727.43762207031	false
206	1135.1007362523067	130796.38330078125	false
207	1149.2656633353079	625020.7639160156	false
208	1151.094917748232	25182.36181640625	false
209	1153.1127926374415	18692.32275390625	false
210	1158.13085353126	336543.0721435547	false
211	1174.1247680365102	245777.3758544922	false
212	1174.20168641631	10532.919311523438	false
213	1204.2628546139895	83705.08081054688	false
214	1206.1840474946082	69312.40588378906	false
215	1211.2215714947795	2657042.0302124023	false
216	1213.1478064771907	29311.564208984375	false
217	1215.0672407458865	53878.435791015625	false
218	1224.1951292394892	19956.861328125	false
219	1224.2514405028458	48056.44873046875	false
220	1227.2883057622205	21429.319580078125	false
221	1229.232885738945	444308.8759001093	false
222	1238.0950468374406	28871.521484375	false
223	1247.2253156223371	22464.666015625	false
224	1254.092884005168	29509.685180664062	false
225	1270.1564672904317	244377.6221923828	false
226	1284.2262971282996	19815.84521484375	false
227	1286.1522711943783	429065.7243652344	false
228	1288.1659178880698	97582.50519743338	false
229	1291.1701598164796	119465.7919921875	false
230	1293.1831656697034	29351.823364257812	false
231	1300.177915717207	21206.315063476562	false
232	1304.163161438743	51880.1025390625	false
233	1309.1802645670314	627546.81640625	false
234	1319.1716523328769	12001.36767578125	false
235	1321.3048430858107	156404.40869140625	false
236	1324.7475216896148	107126.28662109375	false
237	1325.2528048253891	1447715.084350586	false
238	1327.1908646428137	70957.7299194336	false
239	1328.2613418583644	19268.079924200738	false
240	1329.099495478031	18216.123657226562	false
241	1338.2832647622895	10649.644165039062	false
242	1339.3155186843478	1724520.099243164	false
243	1350.1240307208866	273099.7186279297	false
244	1366.1217710689277	311785.15576171875	false
245	1368.1283347899885	32469.056415662635	false
246	1371.1364728058181	33537.353759765625	false
247	1380.734312260697	21847.629150390625	false
248	1381.1302326605737	17797.180053710938	false
249	1384.1269608751593	18759.7041015625	false
250	1389.1466359027518	241405.47412109375	false
251	1389.2260324067902	152893.49450683594	false
252	1400.1857075015096	116925.14135742188	false
253	1401.2705064617055	68638.14453125	false
254	1405.219447260611	753938.7133789062	false
255	1407.2276319945877	67411.54418945312	false
256	1415.1958252745806	30256.71337890625	false
257	1418.2502002121241	11911.70703125	false
258	1419.2817109128482	193056.60400390625	false
259	1423.227337346246	113688.39794921875	false
260	1429.7223718951127	13958.02734375	false
261	1460.3078615182606	273507.24182128906	false
262	1464.1597317191772	130418.23986816406	false
263	1478.318892170991	330529.9587402344	false
264	1480.151773227195	291006.4514160156	false
265	1482.1658735921621	46145.98261022764	false
266	1484.432044131442	34027.51806640625	false
267	1485.1651824356172	22067.8271484375	false
268	1495.1609775601378	21753.16015625	false
269	1503.1791398130804	129588.29577636719	false
270	1503.2542007930012	85019.18603515625	false
271	1510.2865683132295	153974.0968017578	false
272	1519.2551051279565	109040.08935546875	false
273	1535.2389067474917	23210.553955078125	false
274	1540.274955110766	2015845.7553710938	false
275	1543.2823405047156	31044.264404296875	false
276	1544.1212821996787	137301.2596435547	false
277	1550.2550022340135	17652.3486328125	false
278	1553.2494506277012	34726.7705078125	false
279	1553.3044794146842	30131.09375	false
280	1558.2859538550154	513436.71252441406	false
281	1559.1200717761649	40055.646484375	false
282	1560.1153904916553	59265.413818359375	false
283	1573.2458316373184	20755.459716796875	false
284	1575.195949253544	20440.46630859375	false
285	1576.4231951678387	17818.208740234375	false
286	1590.2533687887287	170889.45581054688	false
287	1597.19509313055	107744.07421875	false
288	1599.212700149204	83752.5478515625	false
289	1615.2075577455303	437283.81970214844	false
290	1615.70759749074	18053.587646484375	false
291	1616.2030159429162	87810.38818359375	false
292	1617.2152262403029	13190.962542670153	false
293	1627.3309370084999	181438.60412597656	false
294	1630.2239879004746	53603.86572265625	false
295	1633.2174040304385	164466.7890625	false
296	1636.2918679862498	14210.44921875	false
297	1638.2344966767612	83558.2294921875	false
298	1645.3419657907077	1601957.7609863281	false
299	1648.9767206413926	12977.91015625	false
300	1654.3076338855644	1257313.8465576172	false
301	1655.1660746756957	17681.0693359375	false
302	1655.2340646601883	15008.55126953125	false
303	1656.2465409338022	16708.14453125	false
304	1667.3348330131198	11167.702270507812	false
305	1669.235905549776	22329.971923828125	false
306	1674.1477547120826	19351.616455078125	false
307	1679.1770444644035	105626.55749511719	false
308	1695.1730262992419	326534.75341796875	false
309	1696.1742809681148	29538.62158203125	false
310	1697.180224910644	21854.05297317444	false
311	1707.2987709984416	314707.80895996094	false
312	1710.1862571595439	21055.88818359375	false
313	1711.2463816918594	23396.27197265625	false
314	1712.253195667913	19407.1738512773	false
315	1713.183214056852	25166.6796875	false
316	1713.2440566648675	14455.458618164062	false
317	1715.1836983937244	12714.529052734375	false
318	1725.3083954313606	2015785.1932373047	false
319	1728.31414966762	13903.187377929688	false
320	1729.2383298804161	203976.677734375	false
321	1730.2296147153595	10673.75244140625	false
322	1734.27387209137	421204.19482421875	false
323	1745.2536044720507	19715.2001953125	false
324	1747.282510012139	18717.8173828125	false
325	1750.267505093747	72688.36376953125	false
326	1751.2722077339893	16593.73291015625	false
327	1752.1898589846933	18234.8046875	false
328	1752.2805584106952	52987.107421875	false
329	1768.1892607809355	90856.669921875	false
330	1780.2320865098302	16259.532470703125	false
331	1782.0669456040846	15737.58740234375	false
332	1791.1926208693167	55935.048828125	false
333	1793.2114621486649	104690.86443241179	false
334	1799.2714574806391	15154.470703125	false
335	1802.2645074659974	17786.714599609375	false
336	1805.357023316875	296798.89990234375	false
337	1806.9113197960305	17921.8759765625	false
338	1809.2058599349064	339936.31604003906	false
339	1823.365452363001	234845.95629882812	false
340	1824.2108353266701	28608.20654296875	false
341	1827.21443464333	23025.470703125	false
342	1829.214386168622	15127.96728515625	false
343	1839.3373727107696	102833.26782226562	false
344	1846.2925433540865	29041.27587890625	false
345	1848.3020975076959	41640.897216796875	false
346	1852.9430385437727	38332.57775878906	false
347	1855.3372859356843	117354.68359375	false
348	1856.3428740808458	13624.077270507812	true
349	1864.2983007621553	164619.7562661908	false
350	1871.1620539395863	19975.43115234375	false
351	1876.21494642295	17098.70947265625	false
352	1885.3265183144404	1536845.2977294922	false
353	1889.1718701646491	145417.31994628906	false
354	1892.772342267729	20578.411376953125	false
355	1898.3519902488176	15217.649169921875	false
356	1900.2879449810462	28585.63097206993	false
357	1903.3430308082939	200842.54370117188	false
358	1904.3331576160788	19765.96142578125	false
359	1919.3017505216908	15571.007568359375	false
360	1921.2402025764043	64781.01416015625	false
361	1935.3037831618046	216390.10791015625	false
362	1940.28417336116	43582.26025390625	false
363	1944.2602496403474	451431.7841796875	false
364	1959.815250524814	26346.005126953125	false
365	1962.266513249746	12214.95263671875	false
366	1972.3798987431908	269914.70080566406	false
367	1984.2069041340437	24324.114868164062	false
368	1990.390626202027	1981729.4400634766	false
369	1993.3949880474136	74382.42687988281	false
370	1999.3552320233302	642172.8148193359	false
371	2005.21215941214	14410.1279296875	false
372	2006.2120363535216	22667.99560546875	false
373	2006.3056219285438	19825.80029296875	false
374	2012.3836828627136	9745.175048828125	false
375	2017.3630682767669	18603.2666015625	false
376	2024.2324082510258	153575.83325195312	false
377	2033.3599869580073	14048.460205078125	false
378	2035.2703649462337	31515.010009765625	false
379	2048.3042875481806	14370.2021484375	false
380	2052.3477414816457	108320.59692382812	false
381	2055.819348768304	20308.873046875	false
382	2058.2945429641004	128818.1103515625	false
383	2070.357521965475	1540377.5578613281	false
384	2074.315124803346	28687.373779296875	false
385	2079.322125170581	371442.021484375	false
386	2095.31371009016	18348.765625	false
387	2096.317410785886	39319.5810546875	false
388	2097.2237456302355	13537.4140625	false
389	2097.326103222015	48401.8623046875	false
390	2115.235870076155	80068.57702636719	false
391	2120.1803385187627	13850.46435546875	false
392	2138.2567794896718	190971.33557128906	false
393	2150.4055772248007	180023.095703125	false
394	2151.4044555005416	18609.3017578125	false
395	2163.8318295948707	16938.69921875	false
396	2168.4158719682346	261252.34326171875	false
397	2169.343597839082	9466.330078125	false
398	2184.3947387793014	231667.39428710938	false
399	2193.3522713408834	151562.9521484375	false
400	2209.347242796994	64226.311279296875	false
401	2211.3521060486505	34663.164794921875	false
402	2220.3524748483205	25232.701171875	false
403	2230.3723346154643	1031691.4021606445	false
404	2243.3988211072788	10005.503540039062	false
405	2248.383661681548	188399.98571777344	false
406	2250.295297457371	150246.81970214844	false
407	2264.3551794665746	175136.97918701172	false
408	2266.287506415894	18157.43505859375	false
409	2273.310208769996	43304.466369628906	false
410	2289.31515552413	62943.452392578125	false
411	2290.312721414696	21805.939208984375	false
412	2301.429298268674	15312.456909179688	false
413	2304.402431874266	159840.24560546875	false
414	2319.444236136594	1207965.7729492188	false
415	2320.3901918343736	42732.5400390625	false
416	2330.2548354121727	130867.99877929688	false
417	2344.4063155203016	847849.9742431641	false
418	2347.2584028141705	13684.986083984375	false
419	2357.431132739545	16301.606689453125	false
420	2370.2823239920103	11256.158447265625	false
421	2380.3931103722202	21603.59814453125	false
422	2381.3995121142193	29803.210693359375	false
423	2384.3559012700907	56859.19250488281	false
424	2387.3404448616275	8963.611267089844	false
425	2399.411190364827	949022.3594970703	false
426	2403.3454550291	13351.939852941803	false
427	2413.843023618563	25585.1279296875	false
428	2424.3742134347963	93190.47802734375	false
429	2425.353907445059	42653.3125	false
430	2443.386092155469	24830.8408203125	false
431	2444.28698620269	107012.06934079874	false
432	2455.4465050168387	951533.3247070312	false
433	2460.290710207582	31814.786743164062	false
434	2461.2866916066314	24344.952514648438	false
435	2473.4545529391175	21963.25800648751	false
436	2481.855367582798	27484.306884765625	false
437	2497.442476814118	64088.863830566406	false
438	2513.4407708257622	240108.1297607422	false
439	2516.3745217294454	18574.760538503437	false
440	2524.2550656638186	18305.007568359375	false
441	2535.412646799342	318465.5213623047	false
442	2536.4156767011427	197490.85467529297	false
443	2540.253890832927	34593.806640625	false
444	2552.403596843096	12553.212280273438	false
445	2553.419526790901	19361.465087890625	false
446	2576.326442509548	38740.226157783225	false
447	2578.3327460662413	63068.20690917969	false
448	2579.333562573697	9322.115234375	false
449	2593.407131962816	85451.31707763672	false
450	2595.346460824103	23276.36767578125	false
451	2596.339082308079	78623.99087579967	false
452	2597.351188043909	27000.10205078125	false
453	2630.4848374458957	58039.4580078125	false
454	2631.4859186820304	20586.678466796875	false
455	2638.2783130052258	17965.177001953125	false
456	2648.4957298087056	813698.1473388672	false
457	2654.2837445013697	22106.689618649398	false
458	2657.307076432777	24507.986083984375	false
459	2658.2947571322584	17072.03955078125	false
460	2670.4697684908333	14927.173950195312	false
461	2674.314827162984	17183.69921875	false
462	2690.389118494883	193713.35612581146	false
463	2706.3814125238177	34343.715576171875	false
464	2710.453333078354	87947.77197265625	false
465	2728.4629135647356	390203.3815917969	false
466	2730.394795671145	29405.831909179688	false
467	2746.392357352376	29767.231201171875	false
468	2761.47188261727	200123.9217529297	false
469	2773.3360594269925	70082.19439697266	false
470	2778.3996437413857	39520.339111328125	false
471	2779.481303066904	153367.13061523438	false
472	2789.3302830788207	33529.119384765625	false
473	2804.4169008836634	100001.70703125	false
474	2819.468969858943	71309.22216796875	false
475	2841.4441938392847	858071.0718994141	false
476	2842.4332938785246	38944.3173828125	false
477	2844.439108386086	32125.279936591403	false
478	2845.439203503301	44789.46984863281	false
479	2859.4485737309524	124254.42020960168	false
480	2879.427734773481	18837.556518554688	false
481	2883.4341092836985	76219.884765625	false
482	2884.3662911782967	17214.531982421875	false
483	2894.925180767226	65092.77380371094	false
484	2897.4290831157496	18958.436944322973	false
485	2898.4190630505486	33993.386228998104	false
486	2899.4366140902184	292472.69689941406	false
487	2901.367482368852	11569.046875	false
488	2902.364517347077	29856.2373046875	false
489	2908.386473284117	8321.031311035156	false
490	2921.403410068357	10196.543212890625	false
491	2924.39098276596	45353.643798828125	false
492	2936.506908764684	36992.94384765625	false
493	2954.519588440746	390600.17907714844	false
494	2955.4674846428716	303281.041015625	false
495	2956.470727572151	125307.6806640625	false
496	2971.9205506800818	17133.904296875	false
497	2976.493027811589	21006.88134765625	false
498	3015.485043586059	94395.16552734375	false
499	3019.4370205451764	71380.29504394531	false
500	3034.4930820515883	1124615.6905517578	false
501	3036.435498556543	42192.36820283011	false
502	3037.4296064488185	23467.60546875	false
503	3038.4324867154774	14525.001708984375	false
504	3047.9405151045894	18089.120727539062	false
505	3056.4601127693027	50544.908203125	false
506	3061.4553360544764	14083.478271484375	false
507	3090.5308238087796	71416.19091796875	false
508	3108.530584980599	116992.90905761719	false
509	3116.384109658317	35122.20263671875	false
510	3133.4824229830274	56022.24128375566	false
511	3147.5113502971117	29903.1357421875	false
512	3148.513709885821	66253.51586914062	false
513	3164.5164483571534	293150.41369628906	false
514	3170.4938121102527	595094.2577048584	false
515	3175.3272036880494	11199.728759765625	false
516	3188.5083055220816	59030.76708984375	false
517	3213.430615151219	24616.499633789062	false
518	3226.4704970430985	19204.77197265625	false
519	3229.4885005823603	11821.001220703125	false
520	3244.4846521368127	153790.54248046875	false
521	3271.4382299612917	23173.41259765625	false
522	3278.0710826872278	10503.414794921875	false
523	3279.9410229134983	9504.681640625	false
524	3283.9987667972655	20559.422607421875	false
525	3284.5306881531187	655635.2739257812	false
526	3299.5706780207306	1111188.7840576172	true
527	3302.5767415123164	33731.54220362524	false
528	3310.3831131523743	17477.787841796875	false
529	3321.5444274787287	19416.385986328125	false
530	3346.464153257314	8566.56884765625	false
531	3346.9613996092935	11131.404663085938	false
532	3347.4647456810635	23024.5126953125	false
533	3348.4870687095327	41926.81286621094	false
534	3359.5177377936243	11662.779296875	false
535	3361.524877018484	76614.30822753906	false
536	3363.9641707618707	17837.2822265625	false
537	3364.4936009916023	155320.6680966693	false
538	3365.4885695195103	14059.47119140625	false
539	3379.540208676128	747987.6553955078	false
540	3401.5158871848366	14028.360107421875	false
541	3419.579782936813	95062.30786132812	false
542	3424.4079729033715	39884.944885253906	false
543	3431.498377557092	34480.88916015625	false
544	3437.592195419244	38116.025390625	false
545	3438.587856066422	18400.878051757812	false
546	3477.571572062836	43921.64208984375	false
547	3493.569560685747	255156.71423339844	false
548	3498.0154575554134	23304.56396484375	false
549	3499.54366350522	330922.5675048828	false
550	3501.534264331706	41355.602199108616	false
551	3510.0207153207107	13576.647827148438	false
552	3518.0202770328065	33054.0146484375	false
553	3518.5107628930787	23280.5712890625	false
554	3518.560409662503	40180.48254394531	false
555	3519.0198900927353	11076.211059570312	false
556	3521.51180005538	14800.457763671875	false
557	3529.021141323371	28954.995331646016	false
558	3530.004754183453	10624.024291992188	false
559	3557.531132816886	13585.704956054688	false
560	3573.533287051961	110966.19708251953	false
561	3574.553933312463	113403.59594726562	false
562	3590.552259539604	47205.038818359375	false
563	3628.627855250741	695386.4564819336	true
564	3640.430639617681	12636.002197265625	false
565	3645.08016301564	122519.72802734375	false
566	3654.531037360385	91622.01953125	false
567	3670.515544929818	144123.81774902344	false
568	3671.5128057674324	96423.14672851562	false
569	3690.5776660333913	20340.63671875	false
570	3691.5860800585224	45173.259765625	false
571	3708.5885947020593	267646.03143310547	false
572	3725.598085665062	181225.75122070312	false
573	3726.6009655175917	21423.487548828125	false
574	3743.619512191463	14218.09814453125	false
575	3744.61610833459	37796.056640625	false
576	3782.5774526195555	24398.830078125	false
577	3783.593407145434	40421.12255859375	false
578	3785.548715752832	27248.15576171875	false
579	3787.5686497010097	12141.789636519152	false
580	3799.592907609771	121254.2103881836	false
581	3805.574912645663	523304.9022216797	false
582	3827.547918802017	14526.223999023438	false
583	3849.5167828111644	27798.76025390625	false
584	3863.5641631129215	40400.660733237615	false
585	3864.5501768562817	21266.8922478561	false
586	3879.562167118306	391545.79486083984	false
587	3919.6097273064684	370220.7538252731	false
588	3920.606868373048	35709.14532470703	false
589	3933.630918382843	8875.429321289062	false
590	3934.6509658150326	612496.132019043	false
591	3956.622739119511	15510.026489257812	false
592	3977.593368030751	27791.145263671875	false
593	3983.5720838403354	89226.46166992188	false
594	3993.584946130741	6848.866943359375	false
595	3995.5994470810624	44334.241455078125	false
596	3999.5713952602073	295317.4031982422	false
597	4000.5848768420487	58338.01314649248	false
598	4014.6166821419324	1127504.4096679688	false
599	4030.602439837083	7591.932891845703	false
600	4057.5637258513516	13737.288818359375	false
601	4072.661179179057	11323.409973144531	false
602	4094.632975591668	5895.794616699219	false
603	4112.642550312814	39810.99353027344	false
604	4113.608848541785	34879.696533203125	false
605	4128.647917292591	128246.20166015625	false
606	4134.62932530857	255144.33276367188	false
607	4135.638001961111	198962.01879882812	false
608	4136.627635010453	35296.27844238281	false
609	4152.637486678273	17752.053466796875	false
610	4190.605262202905	33674.406494140625	false
611	4191.62431803689	35605.06640625	false
612	4208.614821656605	244730.43298339844	false
613	4245.685957507245	15619.3837890625	false
614	4248.696857634765	306222.8078613281	false
615	4263.701419208482	344656.063151742	true
616	4327.6494699003	11308.141967773438	false
617	4343.670476689986	908663.0531616211	false
618	4385.42469225401	29103.69384765625	false
619	4441.6935314581815	11752.296630859375	false
620	4457.699373879247	151388.7862548828	false
621	4458.702508983374	43364.34935833078	false
622	4479.668492581052	83801.73608398438	false
623	4480.669339021939	33206.39514160156	false
624	4519.655154575274	32552.41748046875	false
625	4537.666002980631	67161.03051757812	false
626	4571.671121535042	33691.416015625	false
627	4592.760062904917	524590.3758544922	true
628	4612.669305943783	13794.483520507812	false
629	4628.6636529567	7291.873107910156	false
630	4634.630871549553	33611.9873046875	false
631	4650.638550302363	24299.23748779297	false
632	4651.642805535883	113743.412109375	false
633	4653.647666680493	18334.480712890625	false
634	4654.707189179075	56333.87268066406	false
635	4672.722986271749	248648.33482439799	false
636	4692.6320957723965	36184.35205078125	false
637	4705.755518632375	51405.622314453125	false
638	4706.728646913925	79916.1259765625	false
639	4708.634722985894	24766.74560546875	false
640	4709.649219698533	40151.591064453125	false
641	4723.734273153204	46455.41064453125	false
642	4729.716869136255	6201.948974609375	false
643	4747.719926871883	77344.6611328125	false
644	4761.769249054217	53064.347900390625	false
645	4763.727548856025	144308.5029296875	false
646	4764.721315513416	10032.152954101562	false
647	4766.716008136946	20885.8388671875	false
648	4785.7116898656905	189359.0770263672	false
649	4786.70141094851	319148.4528808594	false
650	4826.680952481988	29720.47314453125	false
651	4827.694166909083	87954.60571289062	false
652	4828.658202374045	26332.88348388672	false
653	4843.695035945888	537984.3278808594	false
654	4880.763124357509	11982.776123046875	false
655	4898.786467311928	303954.6877441406	true
656	4899.781306144787	13541.83984375	false
657	4900.722279509593	52612.2333984375	false
658	4917.708792682117	42617.33349609375	false
659	4960.728091191516	117761.28680419922	false
660	4963.6990146749795	36741.9482421875	false
661	4978.7453882558575	1203838.2714233398	false
662	4979.742464397912	89891.51220703125	false
663	4981.692054834856	17062.595947265625	false
664	4994.734311048206	6664.1055908203125	false
665	4997.688486918012	63138.299560546875	false
666	5013.68325089632	26803.212890625	false
667	5051.760903591483	18293.56079798026	false
668	5052.741674280545	69664.84958128614	false
669	5068.765488516381	40167.9658203125	false
670	5077.732534883613	57445.038330078125	false
671	5093.743624141737	121158.86450195312	false
672	5095.721507218195	8890.931701660156	false
673	5114.758574003696	397917.7335205078	false
674	5115.755050327272	23001.82537841797	false
675	5130.7186177656	88313.5703125	false
676	5133.747952612915	33203.924072265625	false
677	5136.717313524537	16477.020080566406	false
678	5140.702225076749	42824.28759765625	false
679	5148.747390878365	92069.67608009028	false
680	5149.730620883045	66911.44750976562	false
681	5154.7177417219655	15849.545105308855	false
682	5156.645650727922	27755.366943359375	false
683	5157.688933503888	30607.46533203125	false
684	5170.698726358599	20941.010986328125	false
685	5173.716477471465	40714.848083496094	false
686	5174.692686966571	41245.8896484375	false
687	5180.676472337445	12645.259521484375	false
688	5203.833072714504	328515.30041503906	false
689	5225.804380572859	10151.244506835938	false
690	5228.791053214909	542391.1643066406	false
691	5229.781500062141	165475.47290039062	false
692	5263.762784148528	35463.16455078125	false
693	5264.76507871368	30442.51641845703	false
694	5265.771220412355	42532.2021484375	false
695	5271.751004861956	29728.27042701921	false
696	5275.736788896377	18008.320922851562	false
697	5281.770204560877	15119.029296875	false
698	5282.773712262042	8638.957885742188	false
699	5283.811481929718	420834.2459716797	false
700	5287.742672529727	12607.498596191406	false
701	5292.748828519645	105909.15234375	false
702	5294.7174026861885	13165.932006835938	false
703	5305.760475262272	41449.11767578125	false
704	5307.7162577493	40959.79443359375	false
705	5308.745424341879	118203.45098876953	false
706	5309.754250075448	241808.4842529297	false
707	5314.732289901718	15318.389892578125	false
708	5331.724821951056	15778.561889648438	false
709	5342.729896360061	46734.90954589844	false
710	5383.836002594531	32220.00048828125	false
711	5397.8171141825105	110009.2455444336	false
712	5406.780815668084	75144.61083984375	false
713	5413.824713799367	266244.54998779297	false
714	5414.807161327798	94842.98706054688	false
715	5420.788362447402	13362.700500488281	false
716	5423.779497584324	73875.1640625	false
717	5428.754595456396	15653.94189453125	false
718	5435.78649847662	10764.028991699219	false
719	5442.789632708194	61693.29870605469	false
720	5443.804335724155	369919.05637291993	false
721	5444.801405621815	52599.419006347656	false
722	5446.763160292568	12783.1337890625	false
723	5494.786876724775	57191.86151355619	false
724	5495.775834597494	28435.928821610138	false
725	5499.765187162472	20399.344360351562	false
726	5502.739168336576	55295.47900390625	false
727	5516.758140654822	17572.293579101562	false
728	5530.850519449625	31836.882568359375	false
729	5531.857829314417	24710.110595703125	false
730	5548.86845313636	582558.9858398438	false
731	5549.867371668708	49107.51171875	false
732	5558.813881790136	10473.298095703125	false
733	5570.840024633202	23587.547119140625	false
734	5591.802043317876	12471.953430175781	false
735	5607.803905686031	18231.277709960938	false
736	5609.818155978869	56182.416015625	false
737	5610.821850190125	52759.6611328125	false
738	5619.774040929947	13830.588134765625	false
739	5627.825398679802	18705.58935546875	false
740	5628.844872799403	300320.4655761719	false
741	5629.836627796575	64838.86950683594	false
742	5630.788104840958	11004.177001953125	false
743	5637.812525431247	84291.20947265625	false
744	5637.90613416325	47260.96875	false
745	5653.795668691428	9603.849548339844	false
746	5659.760776068784	17499.09716796875	false
747	5675.766946811001	9302.722229003906	false
748	5708.874222697885	48323.04541015625	false
749	5724.85354359689	8598.582885742188	false
750	5725.860767377577	10943.629333496094	false
751	5727.8975568413925	28253.159423828125	false
752	5741.900332237525	67148.43896484375	false
753	5742.870543335549	146956.41015625	false
754	5758.865198282923	387677.9506225586	false
755	5764.832546558942	16174.03369140625	false
756	5781.8353311942865	8788.211608886719	false
757	5788.849180843784	161184.23235393994	false
758	5801.794605767026	19626.677612304688	false
759	5809.771464674475	20839.0546875	false
760	5810.813764719796	21862.418212890625	false
761	5821.809175381868	17791.761352539062	false
762	5822.826118716245	52871.700439453125	false
763	5838.864877906804	57844.2724609375	false
764	5839.828607113305	50641.75994873047	false
765	5874.937871359932	15144.8115234375	false
766	5875.897844958974	7438.544006347656	false
767	5893.931188916994	837683.5424804688	true
768	5894.9330524982	90204.35791015625	false
769	5916.881140114057	23277.341430664062	false
770	5918.842799467314	20991.956665039062	false
771	5919.8354358934885	15109.169982910156	false
772	5925.802598736072	14347.078979492188	false
773	5936.861831416592	52910.4248046875	false
774	5943.787006408534	40012.7080078125	false
775	5944.829584120693	33551.696044921875	false
776	5953.86621000186	19528.758178710938	false
777	5954.857989790587	14845.5673828125	false
778	5955.868858525462	51323.81396484375	false
779	5959.878781161664	59420.42565917969	false
780	5965.796475335282	13751.591674804688	false
781	5973.873400101252	232192.32421875	false
782	6087.90984310109	65222.70153808594	false
783	6088.914821079225	77207.83374023438	false
784	6089.918219475443	20243.200058028124	false
785	6094.895096816945	219868.4962158203	false
786	6095.882993832792	14785.049194335938	false
787	6149.893280851523	18998.185546875	false
788	6168.8917627012	121113.51904296875	false
789	6186.8816026119475	27522.06494140625	false
790	6222.972807606116	234704.77685546875	false
791	6223.982446733318	150565.44067382812	false
792	6265.831052393879	37505.166015625	false
793	6265.9328993875315	47434.886962890625	false
794	6266.837737461107	12909.959106445312	false
795	6266.922906782013	20722.700561523438	false
796	6285.937783086988	17299.614624023438	false
797	6301.9378492648575	15220.806884765625	false
798	6302.9298460545	157831.83178710938	false
799	6321.955656055593	47279.61417972701	false
800	6400.92295356082	150284.50817871094	false
801	6401.907286104781	68260.41015625	false
802	6403.904662774532	44740.410400390625	false
803	6434.9626146444825	47968.578857421875	false
804	6514.923551971075	35559.62805175781	false
805	6515.927469461384	91611.89111328125	false
806	6569.014291941105	212498.7930908203	false
807	6595.907140650088	248507.82763671875	false
808	6647.9878469570185	83955.95935058594	false
809	6693.927037313227	30158.67919921875	false
810	6708.948009500683	88541.52941894531	false
811	6709.956247532849	70688.46313476562	false
812	6710.938053339587	81998.56066894531	false
813	6729.963921432506	395673.8800048828	false
814	6730.965846797794	80923.80053710938	false
815	6731.90928523321	10228.1455078125	false
816	6748.986610082942	26162.392822265625	false
817	6827.956169215479	37761.35876464844	false
818	6843.997820812581	298305.41845703125	false
819	6844.997315291427	189160.49542236328	false
820	6845.985703028825	101003.11108398438	false
821	6861.981002730409	131091.28411865234	false
822	6867.948627151245	20480.0205078125	false
823	6877.959268624976	52855.271839594076	false
824	6883.9541615851795	18885.287353515625	false
825	6906.976602760317	18950.307983398438	false
826	6923.972993689999	107055.5234375	false
827	6924.963430069163	38465.039830686175	false
828	6962.012118249723	21902.816650390625	false
829	6963.040625282149	21963.309631347656	false
830	6980.0178003004485	154657.9631652832	false
831	6997.038937529163	483537.1919555664	false
832	6998.048418631536	80804.33129882812	false
833	7002.001523411749	30880.91455078125	false
834	7010.058014528725	9743.880310058594	false
835	7013.039550028962	332846.3387451172	false
836	7014.027202003093	175911.9609375	false
837	7015.046406055596	16311.221046694665	false
838	7019.01245345577	72444.27905273438	false
839	7026.048809884757	9813.31575012207	false
840	7029.038091019777	134457.9677734375	false
841	7030.016752272427	79892.55383300781	false
842	7035.002690738121	55232.76330566406	false
843	7036.046822480307	44898.43347167969	false
844	7052.072478302074	20704.558227539062	false
845	7053.055228061393	85062.48712874946	false
846	7058.036058190264	37985.146728515625	false
847	7059.018412619071	12284.078704833984	false
848	7081.974718683479	11003.947814941406	false
849	7114.075922017248	135089.99194335938	false
850	7131.089826440547	531065.0821533203	false
851	7132.095028681415	372721.99084472656	false
852	7136.044796893223	24509.17529296875	false
853	7145.110801116949	19908.553833007812	false
854	7148.088043648595	2670270.342086792	false
855	7154.06266868869	129406.01330566406	false
856	7161.139534426696	50147.07629394531	false
857	7164.083309270319	2482110.8308410645	false
858	7170.051711783961	214742.236328125	false
859	7171.10018745143	248696.95806884766	false
860	7172.103459842737	210126.20928955078	false
861	7177.103275647736	33196.344177246094	false
862	7178.100425369292	10262.022888183594	false
863	7180.0513448639595	11185.68701171875	false
864	7186.055583700345	80339.75366210938	false
865	7188.100276282821	723332.785949707	false
866	7193.074294668116	20059.022216796875	false
867	7247.113874886003	41820.96594238281	false
868	7256.154966384524	41917.52001953125	false
869	7265.1214028909335	377740.6911621094	false
870	7266.1533770666165	112971.73406982422	false
871	7278.150175115098	11623.806579589844	false
872	7283.1369290666635	5721162.921142578	false
873	7284.141336045821	67117.54302978516	false
874	7287.105975278293	83113.0542602539	false
875	7296.16717538666	93115.48245239258	false
876	7299.151020215548	12225723.371826172	false
877	7305.146374644854	442155.35724538524	false
878	7306.1510088228215	507492.42236328125	false
879	7312.166440971392	202560.94317626953	false
880	7315.123074640463	46902.701416015625	false
881	7321.112942009931	255563.09838867188	false
882	7323.169755550157	1410785.2917785645	false
883	7324.1555858930615	265173.8544921875	false
884	7336.183628321721	23227.1015625	false
885	7338.083144816044	15696.825439453125	false
886	7339.142315772901	5625.587585449219	false
887	7346.116002120246	13225.650146484375	false
888	7391.1966096986425	125417.63024902344	false
889	7392.178469156431	15283.557983398438	false
890	7416.179547029912	576049.3098754883	false
891	7417.186444062173	1118755.4013671875	false
892	7430.213138070231	27129.617279052734	false
893	7434.1976365955115	25689184.03918457	true
894	7438.153053229777	90696.69564819336	false
895	7441.204999033273	441013.43560791016	false
896	7442.206168556877	212079.25744628906	false
897	7447.221842198602	356124.27615356445	true
898	7450.168082126778	101858.55029296875	true
899	7456.163529746547	401762.7478027344	true
900	7472.141222140908	22897.313354492188	true
901	7534.144781732212	5024.207763671875	false
902	7669.198851657125	7988.8272705078125	false
903	7685.206558997128	13275.329650878906	false
904	7820.2451625598205	17935.971923828125	false
905	7837.2544280574775	12337.656921386719	false
906	7972.306177872682	15684.064636230469	true
